{"stats":{"minecraft:picked_up":{"minecraft:stone_button":1,"minecraft:white_wool":78,"minecraft:purple_shulker_box":49,"minecraft:lever":1,"minecraft:redstone":9,"minecraft:comparator":2},"minecraft:dropped":{"minecraft:stick":1},"minecraft:used":{"minecraft:dark_oak_sign":1,"minecraft:cyan_wool":4,"minecraft:repeater":2,"minecraft:observer":6,"minecraft:stone_button":18,"minecraft:birch_sign":3,"minecraft:redstone":22,"minecraft:dispenser":2,"minecraft:white_wool":18,"minecraft:oak_log":56,"minecraft:waxed_copper_bulb":23,"minecraft:hopper":4,"minecraft:comparator":2,"minecraft:sticky_piston":2,"minecraft:repeating_command_block":1,"minecraft:redstone_torch":1,"minecraft:note_block":5,"minecraft:oak_planks":106,"minecraft:purple_wool":16,"minecraft:purple_shulker_box":4},"minecraft:custom":{"minecraft:time_since_rest":336470,"minecraft:inspect_dropper":4,"minecraft:walk_one_cm":100767,"minecraft:leave_game":6,"minecraft:damage_taken":240,"minecraft:play_time":339298,"minecraft:open_shulker_box":8,"minecraft:jump":203,"minecraft:time_since_death":336444,"minecraft:drop":1,"minecraft:sprint_one_cm":70,"minecraft:open_chest":31,"minecraft:inspect_dispenser":1,"minecraft:inspect_hopper":3,"minecraft:tune_noteblock":8,"minecraft:total_world_time":1770128,"minecraft:fly_one_cm":809444,"minecraft:crouch_one_cm":6492,"minecraft:sneak_time":20597,"minecraft:deaths":1}},"DataVersion":4440}